student_ID,first_name,last_name,birthdate,country_ID,bac_ID,bac_moy
4701,Genovera,Gussie,17/02/2006,c4,b3,14.18
2347,Kyle,Garth,06/10/2006,c2,b6,17.06
8087,Hamid,Diemer,27/06/2006,c2,b4,12.9
1051,Lorrie,Heaselgrave,01/02/2006,c5,b5,18.59
9122,Codi,Jakubovits,13/01/2006,c1,b3,19.62
5013,Kristin,Fold,18/04/2006,c3,b6,11.04
1926,Sofia,Proback,05/02/2006,c5,b5,13.01
0334,Justina,Rubinowitch,28/04/2006,c1,b4,10.59
0159,Etty,Deathridge,25/09/2006,c2,b6,18.38
8689,Faina,Faloon,15/12/2006,c3,b1,16.37
1778,Robbi,Doe,30/09/2006,c4,b4,11.66
9402,Stacia,Fullbrook,18/04/2006,c1,b1,15.67
6579,Ermentrude,Spurgin,14/12/2006,c3,b5,15.69
7490,Nedda,Najafian,20/11/2006,c1,b2,10.15
3238,Samaria,Ayling,16/09/2006,c2,b5,16.61
2273,Harlen,McEntee,27/03/2006,c3,b1,13.88
2508,Warner,McAuley,20/07/2006,c5,b1,10.83
7921,Artus,Davidovics,26/04/2006,c4,b6,16.32
1599,Jodee,Gooder,20/09/2006,c4,b4,19.8
9045,Juana,Stenners,17/01/2006,c4,b4,15.77
5025,Byron,Goodlett,21/08/2006,c4,b4,19.03
8684,Slade,Moorey,16/10/2006,c1,b1,16.07
6172,Lezlie,Cordeau,06/11/2006,c1,b6,17.36
2419,Josepha,Manchester,27/11/2006,c1,b1,14.61
1001,Lucien,MacMaykin,14/11/2006,c4,b3,15.46
8594,Jolie,Towell,20/07/2006,c4,b1,14.0
9843,Leland,Dedmam,08/04/2006,c2,b2,17.99
0749,Joice,Feldman,03/06/2006,c3,b4,19.19
3768,Karina,Montier,15/04/2006,c3,b4,16.94
6498,Kris,Emmett,16/03/2006,c2,b3,15.12
6913,Levin,Blasl,25/01/2006,c2,b5,19.95
2432,Thaxter,MacAllan,05/12/2006,c2,b5,15.02
6970,Nanine,Chalcraft,07/09/2006,c2,b2,15.3
9201,Johnathon,McGeever,18/03/2006,c4,b6,13.53
0525,Bevvy,Gowing,07/10/2006,c4,b4,10.27
7453,Ernie,Dulwitch,20/08/2006,c4,b2,17.75
2744,Konstantin,Tosdevin,01/12/2006,c1,b3,12.34
2928,Noah,Sullens,23/10/2006,c5,b1,10.61
7512,Nonna,Shortell,11/07/2006,c5,b1,15.76
1560,Claudetta,Jackson,09/08/2006,c4,b2,10.79
5541,Ulrikaumeko,Skirvane,16/12/2006,c4,b4,10.18
3598,Inesita,O'Hengerty,26/05/2006,c3,b3,18.53
5548,Kenneth,Demougeot,20/12/2006,c5,b3,12.22
9365,Mathian,Piller,17/12/2006,c1,b1,19.27
7457,Norbie,Betteney,02/05/2006,c5,b3,19.81
6640,Tandi,Gleave,24/10/2006,c4,b3,16.6
3976,Norri,Auchterlonie,27/05/2006,c5,b6,10.59
2514,Aigneis,Plumtree,27/01/2006,c1,b3,17.61
5946,Ronny,Maude,04/03/2006,c5,b4,15.23
8110,Valli,Ellsworthe,28/01/2006,c3,b1,12.83
4468,Gracia,Brozsset,25/06/2006,c3,b2,10.25
8619,Dud,Balassa,25/11/2006,c4,b2,15.34
5457,Joceline,Balshen,28/01/2006,c5,b3,16.49
3075,Ealasaid,Tantrum,20/04/2006,c3,b6,15.59
8317,Dalila,Pharoah,28/03/2006,c4,b5,16.38
7799,Bat,Soda,18/04/2006,c5,b3,15.74
1674,Shauna,Erdes,09/10/2006,c2,b3,14.5
9387,Janessa,Grigsby,26/08/2006,c1,b5,14.6
5156,Mike,Papachristophorou,09/06/2006,c4,b6,17.25
2022,Pavlov,Steabler,06/03/2006,c2,b1,16.23
0690,Frannie,Dannell,02/01/2006,c1,b3,16.62
8768,Mile,Bazoche,18/11/2006,c2,b5,18.03
0432,Germaine,Fursey,15/02/2006,c5,b5,15.72
0739,Lorrayne,Gillum,21/06/2006,c4,b2,17.49
9323,Eliot,Hanigan,06/12/2006,c4,b4,16.56
1307,Cassey,Ockenden,28/04/2006,c1,b1,13.69
9216,Cairistiona,McClory,05/02/2006,c3,b6,18.21
9578,Brook,McKinless,04/07/2006,c1,b2,13.02
6260,Gertrude,Duddridge,22/03/2006,c3,b2,19.97
3813,Virge,Ballin,02/08/2006,c5,b6,15.99
0635,Karia,Dymick,03/08/2006,c2,b3,16.6
4806,Hephzibah,Houson,28/12/2006,c5,b1,18.19
5714,Alica,Fosten,07/11/2006,c1,b4,13.98
3447,Leonanie,Klimowski,02/12/2006,c1,b4,18.79
6373,Nat,Mardling,07/04/2006,c3,b1,12.71
6634,Abbi,Hulles,02/08/2006,c3,b4,15.21
4665,Gusella,Wittman,08/02/2006,c1,b4,19.83
4233,Minta,Coase,21/10/2006,c4,b6,13.61
7206,Corrinne,Oris,30/07/2006,c2,b5,16.56
9500,Nadine,Croad,06/06/2006,c4,b5,12.98
3357,Moira,Gannicleff,04/06/2006,c5,b4,16.78
4630,Sampson,Aitken,29/03/2006,c3,b6,10.9
8104,Gare,Starking,03/11/2006,c1,b6,12.55
1156,Claudian,Wallas,26/09/2006,c4,b6,11.94
7842,Amalita,Kalinke,03/10/2006,c5,b2,15.69
6365,Dicky,Bedwell,01/08/2006,c2,b1,17.69
8945,Aurthur,Widdicombe,07/04/2006,c1,b3,12.21
5427,Ryun,Lorimer,17/02/2006,c2,b1,19.47
7158,Danila,Whiteway,24/11/2006,c1,b2,18.75
9469,Codie,Cohrs,28/08/2006,c2,b5,15.74
7804,Hurleigh,Comellini,13/10/2006,c3,b4,18.06
3302,Elmer,Hussy,29/08/2006,c4,b4,19.42
9712,Aeriell,Walkington,21/11/2006,c2,b2,12.06
7420,Hermione,Wychard,29/11/2006,c3,b6,13.11
9622,Kin,Samsin,09/09/2006,c3,b3,17.42
8815,Indira,Collihole,22/01/2006,c5,b4,12.41
8968,Annabella,Spurgin,18/12/2006,c1,b2,19.61
9505,Sandie,Balden,28/03/2006,c3,b2,10.13
3671,Davey,Coltart,15/04/2006,c4,b4,10.45
3928,Wendy,Polglaze,31/10/2006,c1,b4,16.09
1336,Elsy,Goldie,25/05/2006,c5,b2,17.32
5674,Morse,Maggiore,06/10/2006,c4,b4,17.7
6716,Morena,Howden,18/12/2006,c1,b1,13.93
4940,Annie,McKearnen,15/10/2006,c1,b4,17.05
1240,Amerigo,Rubinov,20/04/2006,c1,b1,16.76
7107,Caryl,Santello,29/08/2006,c1,b3,10.88
8762,Dorelle,Rippen,22/04/2006,c2,b1,14.48
5470,Jaine,McMurraya,17/09/2006,c4,b1,16.74
8764,Reggi,Eul,30/04/2006,c3,b3,19.83
3618,Gretel,Sommerscales,03/04/2006,c1,b2,11.01
8352,Aarika,Worledge,18/03/2006,c5,b2,16.13
1949,Fanchon,Manger,19/02/2006,c1,b6,15.01
4403,Harriett,Barthelme,28/06/2006,c1,b5,15.31
1868,Stefa,Caldeyroux,04/08/2006,c1,b2,13.37
5460,Archibold,Treleaven,06/03/2006,c3,b6,18.74
1090,Lisha,Wolfenden,23/09/2006,c5,b2,17.42
7131,Reba,Lorait,28/01/2006,c5,b2,19.25
7503,Alexia,Forman,21/09/2006,c3,b5,13.11
4637,Kelcy,Whatson,22/12/2006,c2,b6,18.16
6981,Abie,Antony,21/01/2006,c4,b1,17.2
4130,Carlyle,Bayldon,27/10/2006,c4,b4,19.9
2775,Kermy,Trodler,22/05/2006,c3,b3,11.8
9720,Joycelin,Gwilt,09/08/2006,c2,b2,13.58
7460,Udell,Gaze,26/01/2006,c3,b2,13.14
4686,Dorthea,Pawlett,14/06/2006,c3,b3,18.1
2063,Talya,Kohen,04/12/2006,c3,b3,11.71
2244,Clerkclaude,Pitt,24/08/2006,c3,b3,15.25
9033,Maegan,MacCole,13/09/2006,c4,b1,16.18
6956,Linnea,Manes,30/12/2006,c1,b4,15.96
1585,Evangeline,Heindrich,06/05/2006,c3,b1,16.13
2608,Odele,Mallalieu,31/07/2006,c1,b3,18.59
9640,Luke,Choke,22/10/2006,c4,b3,13.68
4075,Stanislaus,Richardet,28/11/2006,c4,b4,16.61
8523,Aleda,Calver,12/08/2006,c2,b2,14.6
0625,Maria,Quantrill,23/09/2006,c4,b6,17.82
6738,Nevins,Brodnecke,13/08/2006,c5,b4,16.95
7791,Jenda,Maryin,18/01/2006,c4,b2,15.9
0088,Eustacia,Baldick,20/12/2006,c4,b6,11.51
0951,Rorie,Barnshaw,24/08/2006,c4,b3,12.73
8825,Nathanial,Ferrant,10/09/2006,c2,b5,17.72
8667,Elbertina,Kisby,01/05/2006,c3,b4,16.45
1029,Tildie,Manach,09/07/2006,c5,b1,14.27
0534,Elfrida,Padrick,08/07/2006,c2,b5,15.31
6899,Ricard,Rodrigo,13/01/2006,c2,b5,15.18
4416,Lynnelle,Pellingar,10/04/2006,c4,b2,15.43
4975,Starla,Pullar,27/07/2006,c3,b3,12.23
4815,Teressa,Persey,20/07/2006,c1,b3,11.25
8834,Eartha,Scotter,14/02/2006,c3,b6,16.04
1558,Germana,Paynes,21/07/2006,c2,b2,19.81
8295,Hortense,Fraine,22/11/2006,c4,b1,18.74
9724,Balduin,North,12/02/2006,c1,b3,10.28
5446,Sharia,Stearn,12/06/2006,c1,b6,18.84
7521,Ilario,Lambourn,28/01/2006,c4,b5,13.31
8357,Patsy,McAllen,02/10/2006,c1,b3,12.7
8265,Rooney,Dolohunty,07/03/2006,c4,b5,16.45
0033,Beverly,Jandl,15/09/2006,c2,b2,10.43
2067,Horace,Grube,14/03/2006,c3,b4,12.78
5908,Nariko,Reffe,14/04/2006,c5,b1,16.62
0653,Juliet,Niche,20/04/2006,c3,b4,14.36
2879,Shelly,Huygen,27/07/2006,c4,b4,19.96
4628,Hadley,Bonny,24/07/2006,c1,b2,11.75
2989,Evonne,Wrettum,04/01/2006,c1,b6,18.64
3753,Chance,Virr,29/07/2006,c2,b1,10.65
1519,Andriana,Mervyn,13/05/2006,c2,b4,10.47
4933,Jasun,Storres,12/09/2006,c2,b1,12.69
6063,Natalya,Oret,23/05/2006,c3,b1,13.11
3215,Marris,Brumen,17/05/2006,c4,b1,10.15
2020,Maris,Wrettum,29/08/2006,c4,b5,17.24
1379,Abramo,Passey,17/01/2006,c5,b3,12.78
6255,Marnia,Staves,29/03/2006,c4,b2,10.63
1470,Rouvin,Reap,06/10/2006,c1,b2,16.96
1468,Carley,Dilley,29/05/2006,c1,b2,16.1
0957,Felice,Allder,20/02/2006,c3,b5,19.85
2063,Perren,Millery,17/10/2006,c1,b2,12.27
3281,Frank,Yeldham,11/02/2006,c5,b3,18.46
3844,Lisa,Cluer,24/06/2006,c5,b2,12.81
2296,Nadean,Stiell,03/12/2006,c1,b3,18.87
9802,Lucias,Jandl,29/01/2006,c4,b3,11.44
5263,Gerardo,Kale,22/07/2006,c1,b6,19.69
4530,Arvie,Brech,12/08/2006,c5,b1,16.02
4636,Nealon,Swatman,13/11/2006,c3,b5,13.93
4359,Rem,Solloway,21/11/2006,c3,b3,18.96
5138,Mignon,Chaffer,24/12/2006,c3,b3,11.32
6009,Rodolph,Olphert,17/10/2006,c4,b3,17.3
3118,Elenore,Heaseman,18/09/2006,c3,b6,16.41
2822,Loretta,Crannis,19/04/2006,c3,b2,19.29
5066,Dacey,Jewkes,26/02/2006,c2,b1,15.45
6548,Barby,Casewell,06/11/2006,c5,b1,16.98
7542,Clarette,Hallbord,10/06/2006,c2,b5,16.09
9893,Elysee,Wesson,11/03/2006,c5,b3,17.01
1248,Hayden,McInnerny,07/10/2006,c3,b2,15.19
1670,Berty,Wilse,20/12/2006,c4,b5,12.51
1255,Madelaine,Geary,25/05/2006,c4,b2,19.98
9576,Kit,Carmont,29/10/2006,c5,b1,18.56
7124,Ariella,Harsnipe,11/11/2006,c1,b6,17.98
2259,Gertrud,Fouch,01/07/2006,c5,b1,19.3
3784,Moselle,Hawken,09/12/2006,c2,b1,17.28
2372,Christopher,Longden,10/01/2006,c5,b5,19.39
9962,Michelle,Antonopoulos,26/02/2006,c3,b4,15.67
0937,Ian,Lillgard,20/03/2006,c4,b1,18.62
7775,Dyanne,Baine,09/06/2006,c4,b6,16.93
7210,Marilin,Grosvenor,07/09/2006,c4,b5,13.84
4549,Cloris,Dumelow,22/02/2006,c5,b1,15.87
4457,Kippie,Bryson,05/07/2006,c5,b5,13.28
4586,Marlon,Pandya,18/08/2006,c3,b2,16.31
3194,Kial,Parradice,14/12/2006,c4,b3,19.75
0384,Katrina,Bickle,24/11/2006,c4,b2,16.31
5171,Reider,Beazey,28/07/2006,c5,b6,13.69
7785,Dani,Drohun,06/12/2006,c1,b5,17.43
8491,Elianore,Gaskal,06/07/2006,c4,b2,15.38
0002,Augustin,Thorlby,13/06/2006,c4,b2,12.13
9325,Torrey,Halworth,26/02/2006,c2,b2,11.96
0785,Wit,Chatteris,19/05/2006,c1,b5,13.67
5431,Aldrich,Macro,02/05/2006,c1,b3,18.27
7750,Nikaniki,Pressnell,03/10/2006,c5,b3,13.42
4450,Elvira,Huckleby,13/11/2006,c5,b1,17.46
5433,Kort,Vernau,17/01/2006,c3,b5,14.0
3437,Court,Challiner,17/02/2006,c1,b2,15.94
2882,Dorie,Whitlow,05/10/2006,c3,b4,11.93
6929,Sibilla,Massot,16/08/2006,c5,b6,12.15
9582,Noelyn,Withey,14/07/2006,c1,b1,17.28
0726,Laurena,Drache,10/02/2006,c1,b6,19.62
8366,Torrie,Kleinert,12/10/2006,c2,b3,12.8
8961,Greta,Conti,26/10/2006,c4,b1,19.01
4891,Maximilian,Remirez,22/01/2006,c1,b1,10.63
9673,Elsbeth,Mabbott,20/05/2006,c3,b2,14.98
7522,Trixi,Ygou,18/01/2006,c4,b5,17.59
7231,Brander,Parnaby,28/03/2006,c1,b3,16.68
8364,Weylin,Vasentsov,07/12/2006,c1,b3,14.99
3557,Sharron,Bang,31/01/2006,c3,b1,19.72
4326,Base,Pithie,14/04/2006,c5,b2,13.32
5874,Morissa,Zaniolo,26/05/2006,c2,b3,15.23
7514,Alex,Sellars,16/11/2006,c5,b1,19.73
2556,Eugenie,Stormes,05/11/2006,c4,b3,15.43
0021,Chris,Svanetti,25/05/2006,c5,b4,15.46
9942,Luce,Pasby,04/10/2006,c3,b2,16.61
2061,Karie,Rupel,14/04/2006,c1,b6,16.49
9872,Sanford,Lansdowne,15/12/2006,c2,b3,18.89
5178,Jeth,Tookill,04/10/2006,c3,b3,10.23
2731,Yorgos,Flement,14/08/2006,c5,b6,14.36
5250,Libby,Cattroll,30/08/2006,c4,b6,19.7
1071,Ulysses,Shadfourth,05/12/2006,c4,b6,18.06
5277,Marlow,Brunel,22/12/2006,c5,b3,18.4
3676,Ronica,Rawlings,02/01/2006,c4,b4,15.3
6816,Lannie,Boik,06/07/2006,c3,b1,17.69
5815,Allianora,Merali,29/04/2006,c5,b6,16.1
7940,Shaylyn,Oakenford,25/05/2006,c4,b5,15.67
3101,Andriette,Eitter,22/09/2006,c1,b2,16.38
4772,Katherina,Forward,11/12/2006,c1,b3,15.65
7136,Ramsey,Andrick,30/03/2006,c1,b3,17.52
3124,Linnell,Muckersie,17/09/2006,c3,b4,17.31
0223,Britt,Slobom,25/02/2006,c1,b1,16.03
0647,Dore,Ferreo,21/06/2006,c2,b1,15.75
5329,Violet,Kemmish,28/03/2006,c1,b1,18.35
3199,Guinevere,Durand,27/02/2006,c4,b5,13.03
1073,Ario,Eidelman,18/01/2006,c5,b5,13.95
0944,Axe,Haldene,07/06/2006,c2,b5,12.05
7525,Olia,McCorkell,17/12/2006,c1,b6,19.69
6571,Caspar,De Carteret,14/01/2006,c2,b1,16.91
9855,Alvy,Shearwood,08/05/2006,c4,b5,17.38
8534,Phillipp,Lindenbaum,14/03/2006,c5,b5,17.2
8387,Lexis,Larkin,16/06/2006,c5,b4,12.67
6300,Cristian,Heatly,01/05/2006,c3,b1,10.23
5106,Timotheus,Birtwistle,25/04/2006,c1,b3,12.92
5893,Auberta,Livingston,14/10/2006,c4,b6,10.63
8962,Blakeley,Butcher,17/09/2006,c2,b6,18.54
3655,Linc,Dungay,10/08/2006,c4,b3,16.9
3333,Sargent,Durtnel,11/01/2006,c4,b5,17.01
2704,Griz,Oldridge,04/03/2006,c1,b1,17.44
7618,Horatio,Noar,22/03/2006,c5,b2,13.96
1995,Amabel,Bricham,07/08/2006,c2,b5,12.4
2230,Kali,Manners,16/05/2006,c1,b3,13.41
3693,Gray,Penhaleurack,24/02/2006,c5,b2,13.7
6114,Wynn,Borrows,05/08/2006,c1,b6,19.17
4454,Haily,Scaice,12/03/2006,c5,b2,18.69
8541,Shurwood,de Broke,29/04/2006,c4,b5,19.3
2482,Harlie,McLean,07/02/2006,c1,b3,17.16
1234,Mariana,Manoch,28/04/2006,c2,b1,15.08
3495,Tommie,Grabert,21/07/2006,c2,b3,16.53
5188,Perceval,Parcell,02/12/2006,c4,b4,19.91
9712,Jinny,Meekings,11/06/2006,c2,b3,17.03
3252,Klaus,Teek,26/03/2006,c5,b5,15.64
1599,Tessie,Heckner,19/06/2006,c2,b2,10.41
2267,Ryun,Pragnall,12/12/2006,c2,b1,11.31
9028,Glad,Alison,07/07/2006,c1,b5,10.24
7357,Ree,Ballantyne,02/09/2006,c1,b1,15.24
5886,Si,Robichon,11/04/2006,c4,b3,14.22
0124,Leigha,Domerq,28/09/2006,c5,b6,18.48
6587,Huntley,Taberner,18/12/2006,c4,b6,18.28
5652,Bondon,Munnery,19/11/2006,c2,b1,18.29
7758,Allina,Grigolon,20/03/2006,c5,b3,15.71
9096,Wren,McElree,29/08/2006,c4,b1,14.1
7201,Almeria,Pummell,06/02/2006,c3,b1,18.77
4069,Allie,Gwyer,27/12/2006,c5,b4,10.19
0464,Elonore,Crowne,28/01/2006,c1,b2,17.74
8682,Camel,Cammacke,01/06/2006,c5,b1,17.01
9063,Hermann,Arrighetti,30/07/2006,c5,b3,12.61
4204,Abdel,Cutts,19/08/2006,c4,b3,15.75
5657,Judie,Stollwerk,03/12/2006,c5,b5,11.48
7625,Riki,Gaskamp,21/08/2006,c3,b4,18.74
5595,Fancy,Laba,30/04/2006,c5,b2,13.6
7418,Ulrike,Farguhar,22/04/2006,c2,b1,12.98
8700,Ariel,Monkleigh,28/07/2006,c5,b6,13.92
2941,Velvet,Martellini,09/08/2006,c3,b6,10.21
6913,Gracia,Husselbee,08/05/2006,c5,b1,19.62
0988,Persis,Garner,21/03/2006,c2,b5,16.72
6457,Danya,Lazare,23/04/2006,c2,b6,15.54
5136,Briano,Pepperell,02/05/2006,c1,b3,18.79
4791,Reyna,Aloway,16/09/2006,c2,b2,18.26
4991,Chery,Honniebal,15/10/2006,c1,b6,18.92
7459,Spencer,Fettis,29/10/2006,c4,b6,10.3
3973,Rosetta,Falks,24/06/2006,c1,b4,19.97
5267,Elvira,Fernando,05/04/2006,c5,b6,12.04
2875,Zandra,Filppetti,20/10/2006,c4,b6,17.46
9788,Verene,Perton,22/04/2006,c1,b3,17.1
8343,Helenelizabeth,Winley,18/10/2006,c4,b3,13.87
7785,Marcile,D'Aubney,14/05/2006,c5,b1,15.09
4155,Ange,Bodicam,18/09/2006,c4,b2,17.88
0040,Sky,Yushmanov,21/09/2006,c4,b1,13.52
8658,Davidde,Donner,21/07/2006,c3,b3,13.47
2557,Corri,Limbourne,25/04/2006,c3,b2,11.4
2068,Hewie,Scapens,23/03/2006,c5,b3,18.82
4913,Thornton,Ashmole,28/11/2006,c3,b3,16.93
4707,Gilberto,Maycey,11/01/2006,c5,b6,12.09
2021,Ervin,Bangle,15/05/2006,c1,b5,10.75
4025,Loreen,Tant,01/01/2006,c3,b4,14.05
6998,Ardelia,Louis,25/01/2006,c4,b3,16.19
8780,Aylmar,Jeffryes,23/05/2006,c3,b4,14.25
2586,Lissi,Ronan,27/03/2006,c4,b1,19.44
1016,Pacorro,Spawton,30/10/2006,c1,b5,11.27
1262,Anya,Derby,30/07/2006,c2,b4,13.15
8284,Nealon,Helder,24/08/2006,c4,b5,17.96
4627,Nicolette,Amber,06/06/2006,c1,b2,11.77
9731,Jefferson,Clutton,22/08/2006,c1,b4,16.63
3538,Jason,Itscowicz,04/04/2006,c1,b2,13.04
6033,Bryce,Haining,22/03/2006,c3,b4,14.43
9275,Wynn,Brosetti,09/06/2006,c3,b6,15.24
0192,Marget,Featonby,07/09/2006,c2,b3,13.85
5757,Wyndham,Ivkovic,16/09/2006,c3,b1,19.29
5752,Eben,Lancastle,02/08/2006,c1,b1,10.93
2471,Robina,Kondrachenko,30/07/2006,c2,b5,18.35
4577,Latrina,Marton,02/03/2006,c3,b1,14.11
6233,Chevy,Simoes,11/11/2006,c5,b2,16.4
0105,Emma,Farens,08/08/2006,c1,b2,17.34
8008,Diann,Pegden,24/04/2006,c1,b4,13.07
8397,Rania,Duffit,13/02/2006,c1,b6,14.5
2256,Abbey,Sibthorpe,18/07/2006,c3,b2,13.7
6418,Osmund,Blodgetts,16/07/2006,c2,b5,18.26
9472,Lexie,Dandy,11/01/2006,c1,b2,12.61
3964,Marcella,Peachey,13/12/2006,c2,b2,19.45
8795,Marian,Hamfleet,27/10/2006,c3,b3,13.05
1786,Willi,McFade,26/06/2006,c3,b5,17.29
1480,Addi,Eyeington,31/01/2006,c3,b4,10.7
4449,Irina,Earingey,20/08/2006,c4,b6,15.17
1990,Willis,Hamshere,29/08/2006,c1,b2,14.37
0368,Craggie,Rudloff,06/07/2006,c4,b2,14.75
1850,Pandora,Slisby,18/08/2006,c4,b6,12.3
9514,Teresina,Fruchter,07/07/2006,c1,b1,16.67
5700,Trixie,Jonathon,08/08/2006,c4,b1,16.0
7218,Adrianna,Kirstein,24/02/2006,c5,b6,17.9
9463,Jessamyn,Badrock,21/06/2006,c1,b6,10.99
7805,Joyann,Eye,03/06/2006,c2,b1,11.46
2095,Whitaker,Boome,04/11/2006,c4,b1,11.57
1831,Biron,Henker,09/03/2006,c3,b1,11.06
2146,Rosa,Corlett,29/03/2006,c5,b1,14.12
4627,Bobbe,Grayland,02/09/2006,c1,b3,17.51
2265,Leta,Wittman,02/02/2006,c1,b3,12.64
4234,Rowland,Carles,11/02/2006,c5,b1,12.12
5377,Corey,Kingsnorth,02/09/2006,c5,b4,10.06
6887,Tedd,Welband,24/08/2006,c5,b5,11.6
6869,Klement,Fargie,02/08/2006,c3,b4,18.59
5347,Andromache,Littlefair,07/10/2006,c4,b3,10.79
4573,Nita,Scarratt,03/01/2006,c4,b4,16.17
7926,Celeste,Tomalin,21/01/2006,c3,b1,10.73
3663,Adelle,Ellerington,23/09/2006,c4,b5,16.81
9711,Joly,McSporrin,04/05/2006,c4,b2,10.56
9374,Ted,Hartup,18/09/2006,c1,b5,10.85
2210,Kristine,Romer,30/06/2006,c2,b5,12.8
9439,Kelila,Vedekhin,22/01/2006,c4,b6,16.3
1324,Fianna,Melsom,03/04/2006,c3,b5,13.89
3770,Hally,Mayor,12/01/2006,c2,b1,13.46
1697,Vallie,Lanegran,24/03/2006,c2,b2,15.19
1309,Standford,Alfuso,05/09/2006,c4,b4,12.86
9621,Kirby,Blanch,14/02/2006,c3,b1,12.7
7442,Georgeanne,McGrah,06/03/2006,c1,b1,19.9
1424,Zacharias,Spikeings,09/08/2006,c5,b1,10.03
5012,Aluino,Jachimak,23/10/2006,c4,b6,11.27
6714,Aeriela,Lomen,22/07/2006,c2,b5,12.1
6292,Noellyn,Broggini,13/09/2006,c4,b6,12.74
7063,Darrin,Nairn,01/02/2006,c4,b2,19.82
4051,Marcia,Ferrier,03/03/2006,c3,b2,16.23
9555,Carissa,Routley,04/11/2006,c2,b1,10.42
5567,Drucie,Kaines,16/10/2006,c3,b1,16.93
3596,Felicio,Heintze,16/05/2006,c1,b3,16.16
6829,Kele,Pilgrim,15/11/2006,c4,b5,18.22
6676,Menard,Eakley,26/10/2006,c4,b3,14.63
9392,Nicholle,Towse,28/11/2006,c3,b4,14.45
5671,Elinor,Leamy,18/03/2006,c1,b4,10.71
0157,Timofei,Surr,08/09/2006,c1,b1,14.22
4302,Orella,Carvilla,21/08/2006,c3,b3,13.52
5792,Jarib,Thorsby,16/08/2006,c4,b3,14.78
1482,Petrina,Gerge,02/02/2006,c2,b5,11.54
6106,Noach,Bolding,24/01/2006,c1,b3,19.92
3110,Latashia,Merton,03/07/2006,c4,b6,19.47
1381,Selle,Greenlees,02/02/2006,c4,b1,14.36
7636,Teddi,Duiguid,02/03/2006,c1,b1,14.42
3242,Ogden,Sharland,31/08/2006,c3,b6,10.02
9172,Carly,Manicomb,16/07/2006,c4,b1,14.69
5081,Brandice,Epinay,15/07/2006,c5,b4,15.95
9551,Ammamaria,Birtchnell,23/05/2006,c3,b1,16.41
2538,Layney,Farey,27/04/2006,c5,b5,12.39
9396,Sherwynd,Riseborough,15/02/2006,c1,b2,18.34
2258,Minetta,Toderbrugge,03/04/2006,c4,b4,15.22
8753,Frederigo,Atyea,18/03/2006,c3,b2,11.89
6736,Gus,Van Der Weedenburg,18/06/2006,c3,b4,11.65
4556,Katha,Spera,17/08/2006,c1,b3,16.32
2804,Burr,Conigsby,25/07/2006,c3,b5,17.3
3753,Deck,Earie,19/05/2006,c1,b3,15.23
1351,Octavius,Clemenceau,11/11/2006,c4,b2,12.45
9612,Marc,Di Angelo,12/01/2006,c1,b6,11.49
1032,Jemimah,Colgan,17/01/2006,c5,b3,16.46
3594,Abdel,Seddon,14/03/2006,c5,b4,17.71
6052,Joshia,Noads,24/10/2006,c5,b4,12.92
8622,Felecia,I'anson,09/12/2006,c4,b1,13.17
8256,Kevina,Oxberry,25/12/2006,c3,b4,15.9
3687,Rhona,Lovering,18/08/2006,c4,b3,11.04
5097,Bronnie,Chaters,12/10/2006,c5,b2,16.29
9691,Dulce,Hatton,09/11/2006,c3,b6,15.1
0572,Fran,Costigan,09/01/2006,c4,b2,10.77
6801,Jillayne,Honatsch,27/05/2006,c4,b3,13.65
7308,Giles,Twinterman,21/01/2006,c4,b5,18.09
3461,Myrtle,Leipelt,11/08/2006,c5,b2,15.09
5110,Crystie,Labeuil,09/12/2006,c1,b4,17.46
1930,Ara,Thickins,28/07/2006,c2,b3,16.54
4624,Lynnelle,Clac,07/05/2006,c2,b4,15.03
6421,Gates,Thorneloe,26/04/2006,c4,b4,12.21
3559,Kenny,Andreazzi,01/09/2006,c4,b5,15.6
9483,Ann-marie,Shale,10/02/2006,c5,b5,11.66
8003,Had,Seargeant,23/11/2006,c3,b2,12.29
1742,Luigi,Borles,16/07/2006,c1,b5,19.45
4794,Angelle,Devonport,11/03/2006,c5,b5,10.29
1668,Farlie,Try,23/06/2006,c3,b6,16.0
2318,Starlin,Lambkin,27/10/2006,c5,b3,12.17
6436,Birgitta,Moens,22/07/2006,c2,b5,14.67
3387,Adelina,Barnfather,08/07/2006,c2,b2,10.31
9791,Zara,Frickey,28/05/2006,c1,b1,13.61
9489,Maxie,Sugars,11/08/2006,c4,b3,14.18
0849,Juliann,Escalante,23/02/2006,c5,b2,10.53
7345,Horatia,Gregory,13/01/2006,c2,b3,19.88
0339,Silva,Reisen,24/11/2006,c1,b2,18.82
8979,Rafi,Ingold,26/04/2006,c2,b2,15.99
8088,Dru,Vanyashkin,03/10/2006,c4,b1,14.02
0173,Inga,Brookz,13/08/2006,c3,b5,11.49
2815,Ulises,Rosas,09/09/2006,c1,b6,15.35
2799,Ximenes,Kennler,17/03/2006,c4,b5,14.36
8347,Lisetta,Jacobovitch,02/10/2006,c3,b6,14.58
1281,Casey,Whaites,15/11/2006,c5,b3,13.55
1834,Wolf,Gawthorp,19/07/2006,c3,b5,12.98
4624,Glennie,Rigolle,21/11/2006,c5,b3,17.89
8924,Verina,Iacovides,02/07/2006,c4,b2,16.12
0381,Kynthia,Paulou,03/08/2006,c3,b1,16.92
1539,Mair,Chitson,11/03/2006,c5,b6,12.17
9899,Bernette,Hallam,09/02/2006,c1,b3,16.61
0040,Stavros,Gages,31/08/2006,c5,b6,17.15
3024,Rollin,Heathcote,01/08/2006,c4,b1,13.58
6701,Abbie,Cunningham,26/10/2006,c4,b5,12.66
6372,Rani,Antonovic,07/02/2006,c2,b1,11.49
1246,Inesita,Mustoo,13/12/2006,c2,b4,11.49
3905,Kassia,Caldayrou,26/01/2006,c2,b6,12.26
3484,Welch,Siderfin,06/06/2006,c5,b6,11.05
0881,Wenona,Grimsdell,07/09/2006,c5,b3,12.8
4723,Ring,Kelsey,11/03/2006,c4,b3,17.32
6022,Karilynn,Biffin,28/09/2006,c5,b6,12.63
3038,Mella,Birtonshaw,09/01/2006,c3,b4,19.36
9586,Jonis,Marcus,20/06/2006,c3,b6,14.32
9817,Glory,Hendricks,25/01/2006,c2,b6,17.77
3562,Clare,Emanuelli,13/08/2006,c2,b6,16.96
5192,Randall,Curdell,15/01/2006,c1,b6,13.87
9430,Della,Linham,22/09/2006,c1,b6,10.39
0017,Birch,Mewis,16/08/2006,c1,b1,10.64
2200,Stevy,McCerery,25/11/2006,c2,b2,14.62
4542,Mala,Traill,07/11/2006,c2,b4,19.81
6603,Kristin,Ruane,29/06/2006,c1,b2,18.96
2178,Augustus,Perigoe,23/07/2006,c3,b6,20.0
2537,Andria,Henrichsen,03/09/2006,c3,b5,18.71
2053,Kate,Houlridge,29/10/2006,c4,b6,13.77
2855,Johnath,Montes,19/08/2006,c2,b6,13.05
9226,Teriann,Paur,26/06/2006,c3,b6,13.11
6877,Amity,Wilflinger,29/11/2006,c4,b3,10.62
2941,Rogers,Wilder,26/01/2006,c1,b5,12.7
5228,Garold,Edinburgh,07/11/2006,c2,b4,12.61
8773,Humberto,Dowe,16/09/2006,c3,b6,15.68
8503,Leelah,Brien,15/11/2006,c2,b2,14.52
6123,Wait,Carrell,25/02/2006,c1,b2,11.46
5881,Lizabeth,Persse,17/08/2006,c2,b4,12.31
9834,Pattie,Nathon,22/05/2006,c1,b5,13.28
2116,Lorelei,Simchenko,27/01/2006,c4,b4,11.67
4583,Wiatt,Delgadillo,27/10/2006,c5,b2,13.28
9365,Eddy,Ricker,04/12/2006,c3,b4,14.44
9951,Smith,Opy,18/06/2006,c5,b3,14.89
7157,Rosanne,Toolin,07/03/2006,c2,b1,13.68
1642,Kristel,Akaster,30/12/2006,c2,b1,17.94
6151,Gaven,Drewson,13/11/2006,c4,b6,10.55
4687,Nichols,Robbings,01/01/2006,c3,b1,12.98
2368,Sally,Sutherley,06/06/2006,c1,b2,19.09
8930,Dennet,Silverlock,08/07/2006,c5,b3,14.65
9893,Dimitri,Seville,25/05/2006,c3,b3,17.47
1663,Shana,Bicknell,03/10/2006,c2,b1,12.76
8065,Leonidas,Proudley,30/03/2006,c1,b5,13.58
3570,Berke,Yakubowicz,10/07/2006,c3,b2,19.27
1485,Amerigo,MacAvaddy,01/01/2006,c1,b6,17.75
8492,Thorpe,Wroe,20/04/2006,c5,b4,15.0
1388,Fredek,Ligerton,06/01/2006,c2,b5,14.35
0791,Caspar,Cona,14/02/2006,c4,b6,15.84
9034,Art,Wivell,19/12/2006,c2,b2,16.68
7931,Meagan,Laverenz,09/11/2006,c2,b6,14.68
4143,Tobey,Skiggs,10/05/2006,c4,b3,17.13
8785,Mikel,Le Breton,01/04/2006,c2,b4,17.01
7593,Herbie,Conor,12/05/2006,c4,b1,13.76
9804,Odella,Tolputt,04/12/2006,c5,b4,17.62
6228,Thurstan,Howell,22/06/2006,c1,b4,16.04
3474,Raf,Hassin,26/03/2006,c5,b1,12.31
6508,Lorene,Jewett,13/09/2006,c3,b3,16.77
7313,Gertruda,Moulson,14/12/2006,c1,b3,16.74
2287,Chauncey,Cowden,12/05/2006,c2,b1,19.55
8862,Lamont,Bartoszinski,25/12/2006,c2,b3,18.14
9248,Bobbie,Juckes,17/07/2006,c4,b3,12.25
9121,Sanders,Elgar,27/01/2006,c2,b1,19.01
8266,Vassily,Emson,22/02/2006,c1,b1,18.59
1545,Haily,Tutsell,21/03/2006,c3,b5,14.78
8827,Jillayne,Folley,03/06/2006,c1,b2,15.79
0795,Alaric,Rivard,06/02/2006,c3,b2,17.48
2181,Raquel,Patullo,02/02/2006,c2,b6,10.68
8111,Gawain,Danskine,30/03/2006,c5,b6,14.1
4553,Aleece,Rosberg,09/05/2006,c3,b3,10.01
9725,Ramonda,Sinott,24/01/2006,c1,b5,16.61
3643,Timothy,Dog,19/10/2006,c3,b3,13.99
2739,Jessica,Scorer,10/03/2006,c2,b1,12.83
0941,Pen,Abercrombie,09/09/2006,c2,b2,19.11
7800,Ellissa,Marde,30/08/2006,c2,b5,13.3
9548,Dell,Citrine,16/11/2006,c4,b5,11.44
4568,Neville,Lamplugh,26/09/2006,c4,b2,13.47
4148,Ursa,Southwell,26/05/2006,c3,b5,13.18
0801,Jabez,Morter,28/09/2006,c3,b6,10.31
4684,Renaud,Rosenwald,05/07/2006,c2,b6,19.58
0760,Kate,Negri,25/10/2006,c3,b2,11.84
5880,Darb,Zmitruk,22/06/2006,c5,b3,13.42
8535,Ingemar,Mound,29/09/2006,c1,b2,10.53
7709,Rudolph,Lokier,30/06/2006,c1,b2,13.29
0876,Honor,Champney,29/04/2006,c3,b1,11.64
9150,Torry,Bertin,26/09/2006,c5,b2,17.05
6555,Dorisa,Pestell,05/05/2006,c1,b1,19.33
3515,Elsworth,Gherarducci,03/02/2006,c3,b2,19.62
6975,Hilton,Wagstaff,18/10/2006,c3,b3,19.75
7463,Tiffani,Skrine,25/05/2006,c2,b6,14.18
6796,Giraud,Lafontaine,19/09/2006,c4,b2,19.68
9070,Andie,Toll,31/03/2006,c5,b6,18.6
3208,Kirsti,Groome,27/08/2006,c2,b5,12.15
5651,Sherman,Koschek,17/10/2006,c4,b5,12.29
3048,Rosalyn,Bentall,14/02/2006,c5,b1,16.87
9721,Lauree,McCrie,08/05/2006,c5,b2,18.43
2715,Karry,Halkyard,05/11/2006,c5,b1,12.43
0407,Jamison,Carpmile,22/08/2006,c1,b1,14.7
6338,Carina,Kitlee,08/04/2006,c4,b3,17.06
2207,Jemmie,Clampin,29/07/2006,c1,b3,18.87
2362,Chucho,D'Aulby,12/04/2006,c3,b2,17.62
2784,Darius,Rosenfrucht,01/01/2006,c2,b2,16.95
0763,Derril,Penddreth,06/11/2006,c1,b6,16.16
2116,Gaye,Mcall,03/10/2006,c2,b4,16.91
0382,Basil,Tilley,26/08/2006,c5,b3,17.8
2180,Carly,Hubach,08/08/2006,c1,b1,18.47
3161,Charla,Mariyushkin,06/12/2006,c4,b1,17.16
6074,Clarence,Shyram,09/05/2006,c1,b2,18.94
3314,Hastie,Pitrelli,15/12/2006,c3,b5,18.89
0687,Kamila,Scanlon,09/04/2006,c5,b1,19.77
3043,Caro,Frankish,11/09/2006,c4,b1,14.82
1743,Archibold,Franzoli,11/01/2006,c4,b4,11.65
5350,Shelagh,Schwandt,30/07/2006,c4,b5,14.11
1542,Loree,Rabbitt,16/06/2006,c1,b1,16.11
9790,Vernice,Lovemore,18/04/2006,c3,b2,11.82
4362,Hirsch,Dearth,24/02/2006,c1,b6,16.3
2572,Jori,Brende,16/05/2006,c5,b5,15.79
8048,Auberon,Pohling,02/04/2006,c3,b1,17.06
3058,Bernice,Gazzard,22/03/2006,c5,b1,12.91
5433,Trenna,Stillman,08/11/2006,c5,b1,17.01
5458,Miguel,Molan,03/02/2006,c2,b1,14.24
8447,Sosanna,O'Flaherty,03/06/2006,c2,b5,16.64
5473,Jeramie,Kefford,13/12/2006,c2,b5,11.65
1495,Lida,Jenno,05/07/2006,c4,b5,16.38
6629,Alma,Kleinschmidt,26/10/2006,c1,b5,18.61
3428,Eleanore,Mewrcik,14/10/2006,c4,b6,15.13
8468,Sylvan,Stopforth,30/01/2006,c4,b2,15.43
7465,Lizette,Champken,25/06/2006,c5,b6,16.94
4392,Gina,Decaze,14/07/2006,c3,b5,15.37
6200,Drud,Stone Fewings,17/03/2006,c4,b3,14.88
8395,Tedd,Harms,13/11/2006,c5,b1,15.79
9736,Torrin,Goman,29/09/2006,c1,b3,16.89
1252,Maighdiln,Phear,27/01/2006,c4,b6,12.52
0981,Eirena,Adams,10/06/2006,c1,b1,11.33
9759,Fran,Andreas,12/06/2006,c5,b3,13.33
6368,Jobyna,Salvati,03/12/2006,c3,b6,17.97
7145,Napoleon,Dopson,24/10/2006,c3,b5,19.12
4018,Cassaundra,Oxlade,08/01/2006,c2,b3,13.8
4912,Tera,Karus,15/02/2006,c2,b1,17.63
3133,Benetta,Vargas,18/11/2006,c1,b4,19.09
8981,Yehudit,Emsley,28/03/2006,c2,b2,19.28
9405,Curt,Robbel,12/08/2006,c5,b2,16.64
1056,Berny,De Lascy,08/02/2006,c4,b5,16.13
6599,Bel,Marlin,01/03/2006,c1,b4,10.3
7351,Leanora,Cheyenne,30/10/2006,c2,b1,17.66
8703,Marco,Wombwell,13/02/2006,c4,b4,13.53
6846,Emmy,Beckham,12/10/2006,c3,b2,11.0
7019,Shandie,Cosely,11/09/2006,c1,b6,19.2
9849,Dilly,Ebbins,20/01/2006,c2,b4,17.25
8726,Gerti,Bourcq,05/01/2006,c1,b3,16.26
9073,Deborah,Leinweber,18/02/2006,c4,b3,15.35
5246,Mindy,Miner,15/05/2006,c4,b1,16.58
3166,Zane,Kittiman,21/01/2006,c5,b4,18.92
3702,Rodrigo,Malden,20/01/2006,c3,b2,11.05
8831,Gaelan,Cammock,18/12/2006,c3,b6,18.18
7029,Armand,Cannicott,14/01/2006,c1,b1,16.67
1395,Shirline,Sawer,15/01/2006,c5,b6,17.76
5696,Doro,Clarricoates,19/08/2006,c5,b3,11.91
1414,Lynnelle,Genders,26/12/2006,c2,b6,14.21
2804,Petrina,Dummigan,14/06/2006,c3,b2,17.09
5377,Olva,Huygen,07/12/2006,c5,b2,11.42
4421,Eric,Huston,10/11/2006,c5,b6,15.52
1271,Teri,Pittock,27/11/2006,c1,b4,17.78
4327,Samuel,Brocklesby,08/10/2006,c1,b1,14.32
7767,Carmelle,Ickovic,29/10/2006,c5,b1,14.3
7837,Orland,Coleridge,02/11/2006,c4,b5,13.99
0955,Ebenezer,Lindro,03/01/2006,c1,b1,10.97
1206,Babs,Tremeer,24/11/2006,c2,b6,18.92
8163,Annamarie,Ellam,26/05/2006,c2,b3,12.38
0807,Garret,Rothera,12/10/2006,c4,b6,11.22
8567,Trude,Harken,24/05/2006,c2,b4,14.92
8527,Seumas,Omar,29/03/2006,c3,b5,19.74
5328,Nelli,Antonutti,23/09/2006,c5,b1,12.34
3523,Gale,Balchen,21/01/2006,c3,b2,17.72
5048,Abbott,Fullalove,30/06/2006,c5,b4,11.39
4078,Wallie,Drover,03/07/2006,c2,b6,14.54
7450,Moira,Perico,02/12/2006,c2,b4,11.82
5121,Anthiathia,Kerner,02/10/2006,c1,b3,18.74
8610,Josias,McGrayle,19/01/2006,c2,b5,10.07
7502,Tadio,Linay,29/08/2006,c4,b6,14.95
5107,Wang,Anthon,16/04/2006,c2,b4,19.37
7935,Jeannie,Piggford,16/01/2006,c5,b6,12.84
7879,Cary,Polglaze,06/08/2006,c3,b6,13.92
0659,Donetta,Ballintime,29/06/2006,c2,b2,14.54
9492,Tresa,Klassmann,18/05/2006,c2,b3,11.49
3752,Wilone,Braithwaite,22/04/2006,c4,b3,13.99
7204,Noah,Duerdin,08/05/2006,c5,b3,17.48
8961,Julia,Yeandel,08/11/2006,c3,b2,11.36
0540,Barrie,Flook,07/12/2006,c1,b1,18.43
6628,Cayla,Tumility,20/10/2006,c1,b1,16.45
4187,Zilvia,Jouannisson,17/01/2006,c3,b6,13.96
7032,Hazel,Gilligan,16/09/2006,c1,b6,14.66
4980,Clem,Axleby,24/07/2006,c3,b5,13.94
6627,Rochette,Perroni,14/01/2006,c4,b2,18.88
4328,Frederich,Gleadle,21/02/2006,c2,b6,12.29
5807,Ebeneser,Vallintine,04/06/2006,c1,b6,15.71
3975,Berton,Pickring,24/08/2006,c1,b2,18.71
0191,Roxie,Biggerstaff,04/09/2006,c4,b5,17.15
8558,Jocelyn,Newstead,10/01/2006,c1,b3,16.26
1670,Alyse,Dearnly,21/07/2006,c1,b4,16.22
6668,Allard,Scotchmore,22/02/2006,c5,b1,11.57
4391,Leona,Dudenie,09/02/2006,c4,b3,18.93
3018,Sarah,Babidge,26/08/2006,c5,b6,11.42
5982,Der,Leads,25/08/2006,c1,b2,15.92
8607,Torry,Fisk,30/05/2006,c2,b4,11.68
9354,Eveleen,Clyburn,08/04/2006,c2,b2,11.18
9097,Heriberto,Brandoni,11/09/2006,c2,b1,11.27
9011,Daffie,Lambert,16/11/2006,c3,b1,13.93
4264,Marylinda,Gownge,27/03/2006,c3,b6,16.78
8160,Lennie,Raxworthy,03/07/2006,c4,b5,10.67
9710,Breena,Pifford,16/11/2006,c3,b6,18.94
7343,Correna,MacConnulty,12/06/2006,c2,b2,10.74
4575,Bradford,Ebbutt,09/10/2006,c3,b2,16.99
6092,Bridget,Shorto,02/06/2006,c1,b5,13.9
7644,Egon,Airs,08/05/2006,c3,b4,17.08
7909,Michelina,Heindrick,13/08/2006,c1,b2,11.65
9472,Ollie,Brookfield,29/05/2006,c1,b6,14.35
1741,Ermentrude,Dudgeon,13/11/2006,c1,b3,17.92
7511,Hollis,Cowland,28/08/2006,c4,b3,12.86
7243,Claretta,Davidde,19/02/2006,c4,b1,12.21
8520,Kendre,Pardew,17/07/2006,c1,b6,10.12
0472,Remington,Bedburrow,23/06/2006,c5,b1,12.94
0832,Morris,Roback,30/08/2006,c5,b5,14.87
1576,Morgana,Crone,10/11/2006,c3,b4,12.41
0560,Esme,Mosley,08/11/2006,c3,b1,19.22
2962,Jolyn,De Zuani,06/03/2006,c4,b1,12.0
1744,Karlie,Mouse,07/10/2006,c3,b3,12.78
5227,Jeromy,Riden,15/06/2006,c3,b2,15.29
7709,Dominique,Orable,28/01/2006,c5,b1,13.68
3420,Antoinette,Costall,06/06/2006,c4,b6,12.11
3092,Lacie,Tissington,21/02/2006,c5,b1,12.12
6976,Gelya,Fenemore,27/09/2006,c1,b6,14.66
3872,Mignonne,Exton,24/12/2006,c4,b1,18.77
2991,Dode,Kamena,02/03/2006,c3,b1,13.96
4750,Davidde,Kimmerling,20/07/2006,c3,b4,10.99
0445,Franky,Kelner,25/04/2006,c5,b1,12.27
1278,Cale,Botler,09/09/2006,c1,b4,13.62
0716,Clareta,Shury,28/10/2006,c5,b1,10.18
4130,Bronson,Johannes,12/05/2006,c4,b2,11.83
4584,Jerrold,Napoleon,10/07/2006,c2,b4,15.38
5699,Sissie,Jeske,08/01/2006,c3,b1,12.31
7576,Nikolas,Suermeiers,14/10/2006,c1,b5,11.92
4982,Justinn,Cowdery,26/11/2006,c5,b4,13.49
2247,Hally,Kimbrough,13/05/2006,c4,b1,13.83
0993,Eydie,Paulon,29/05/2006,c4,b5,16.69
1268,Bryanty,Sergeaunt,19/01/2006,c3,b6,10.84
7698,Athene,Juniper,06/09/2006,c3,b4,14.67
1293,Rozamond,Vella,31/10/2006,c2,b1,15.86
0819,Salomon,Klemensiewicz,12/02/2006,c3,b1,13.27
1326,Chaim,Newton,07/05/2006,c1,b1,19.92
4783,Allyce,Devo,02/10/2006,c4,b1,11.0
5274,Jacinda,Gerbi,02/10/2006,c3,b6,14.59
7653,Deeann,Porrett,24/04/2006,c5,b6,16.48
6678,Hattie,Hrinchenko,13/02/2006,c3,b2,19.19
9522,Rhoda,Jendrach,28/06/2006,c2,b4,10.57
5735,Wolfie,Bech,14/10/2006,c3,b6,17.98
3361,Bobby,Winning,09/04/2006,c3,b2,13.29
8998,Vinny,Duddy,27/07/2006,c5,b4,17.76
3070,Raquel,Rable,07/03/2006,c4,b5,18.66
2299,Deny,Tokley,28/09/2006,c3,b5,17.83
6615,Sanderson,Goranov,30/10/2006,c1,b1,18.76
5052,Katalin,Tyreman,30/04/2006,c3,b6,11.35
8300,Ethe,Bedson,02/09/2006,c4,b1,12.12
8917,Jeramey,Debill,13/06/2006,c1,b3,13.6
2714,Dar,Iacobucci,11/04/2006,c2,b4,13.47
2421,Gayler,Sail,28/10/2006,c4,b3,18.67
7057,Dianne,Escalera,13/03/2006,c1,b5,14.08
9854,Rowney,Ferson,30/08/2006,c5,b6,15.91
7347,Terrence,Melbert,30/01/2006,c2,b3,16.77
0846,Althea,Downham,10/02/2006,c3,b6,15.82
2682,Christoph,Lambrecht,21/08/2006,c4,b6,12.29
1502,Dalston,Kanzler,21/12/2006,c1,b5,18.29
5890,Rickey,Petzolt,20/05/2006,c4,b4,19.91
0758,Cris,Tersay,13/04/2006,c5,b4,14.95
2028,Eleanora,Pankhurst.,29/07/2006,c2,b6,19.99
3130,Barnabe,Blinder,03/06/2006,c1,b6,17.53
6201,Mendie,Lambswood,18/11/2006,c3,b5,15.51
2780,Aaren,Bhatia,10/09/2006,c1,b6,14.47
9792,Nickolai,Sides,10/03/2006,c5,b2,16.32
8735,Hunfredo,Petschel,26/10/2006,c3,b6,10.66
0164,Albert,Boner,18/09/2006,c1,b3,19.89
9114,Goldy,Danev,22/09/2006,c4,b2,16.4
7520,Kesley,Mably,08/04/2006,c1,b2,13.89
5373,Jo,Brouncker,12/08/2006,c2,b5,16.5
4042,Georges,Hinchcliffe,14/12/2006,c3,b5,15.65
8665,Joy,Ion,15/05/2006,c2,b6,19.45
9548,Wyndham,Jillard,05/05/2006,c5,b6,14.64
4350,Blisse,Orehead,16/03/2006,c1,b3,17.34
8729,Wendel,Brigstock,03/04/2006,c1,b2,14.51
1315,Althea,Marquand,19/12/2006,c4,b2,10.51
5465,Rubia,Lochrie,29/01/2006,c4,b6,10.37
6204,Chucho,Danilyak,02/11/2006,c5,b6,13.21
5512,Joellen,Beggio,05/07/2006,c1,b1,12.69
5394,Madelaine,Hiddy,19/08/2006,c1,b3,10.47
9636,Danice,Gordon-Giles,01/04/2006,c2,b2,15.12
0735,Bastian,MacBrearty,03/07/2006,c3,b2,11.63
8625,Xavier,Varsey,18/12/2006,c2,b2,19.82
7457,Cheryl,Stirrip,04/12/2006,c4,b5,10.72
5465,Brenda,Dowson,30/08/2006,c1,b6,10.09
1325,Tristam,Gallegos,09/06/2006,c1,b4,11.1
0531,Skippie,Stampe,03/05/2006,c4,b5,12.44
6944,Asa,Rand,17/02/2006,c1,b6,10.94
8351,Gerick,Balfre,03/06/2006,c4,b6,11.94
7136,Wenda,Doddemeede,17/09/2006,c2,b5,12.18
4811,Olivia,Armistead,23/07/2006,c3,b3,17.86
4005,Neale,Hagley,18/07/2006,c1,b3,11.69
1841,Eleni,Obee,01/12/2006,c3,b6,10.13
3212,Cornie,Meo,09/12/2006,c5,b6,13.27
1988,Teodoro,Andrivot,02/06/2006,c4,b4,18.8
3189,Beckie,Agutter,15/09/2006,c2,b1,19.31
9868,Haroun,von Hagt,08/09/2006,c5,b6,13.2
0093,Celisse,Troyes,06/01/2006,c3,b2,11.98
5139,Nathan,Scryne,04/04/2006,c3,b2,10.81
1073,Rudy,Rayhill,08/05/2006,c3,b5,18.23
9832,Rosita,Headly,07/02/2006,c3,b5,15.38
6586,Merle,Littefair,28/04/2006,c2,b1,16.69
4157,Hoebart,McCluin,11/01/2006,c2,b1,10.47
5442,Adorne,Ruckledge,13/01/2006,c2,b3,11.81
7896,Myles,Tretwell,27/11/2006,c5,b1,11.79
6626,Augusta,Swatridge,20/03/2006,c4,b4,12.02
1327,Cissy,Savege,06/12/2006,c2,b3,17.48
0834,Antonina,Cogin,03/05/2006,c2,b4,15.59
6662,Britt,Wooles,24/12/2006,c3,b3,13.56
8166,Kenna,Mingotti,14/12/2006,c2,b3,10.86
8591,Roosevelt,Perryman,23/09/2006,c3,b6,13.28
9688,Shelly,Abilowitz,01/05/2006,c5,b4,14.16
1557,Ofelia,Corran,11/04/2006,c2,b1,16.43
0679,Byrann,Currao,13/10/2006,c3,b6,10.62
0223,Harris,Derisly,03/11/2006,c5,b3,19.79
2530,Rip,Gouinlock,28/05/2006,c4,b3,16.01
2515,Rita,Keast,30/04/2006,c2,b5,16.59
9075,Goldy,Grout,01/07/2006,c3,b4,15.82
3465,Maximilian,Al Hirsi,07/11/2006,c5,b3,14.57
5933,Mitchel,Risley,28/04/2006,c1,b1,15.02
3905,Susanne,Mushett,14/07/2006,c1,b4,19.13
6193,Barbara-anne,Ryott,26/02/2006,c3,b4,15.14
9918,Helsa,Ibell,01/05/2006,c1,b6,10.95
9571,Leyla,Pirt,12/11/2006,c1,b2,16.57
4573,Alie,Galland,30/08/2006,c1,b6,17.79
4204,Ailee,Dymock,09/09/2006,c5,b5,14.53
9278,Benjamen,Filipyev,28/04/2006,c4,b6,10.45
9844,Jarid,Whelpton,19/05/2006,c5,b3,17.17
0545,Esra,Lilly,10/02/2006,c2,b5,10.89
1319,Tasia,Elijahu,25/08/2006,c3,b1,15.18
6747,Slade,Braitling,30/01/2006,c1,b1,17.01
1036,Lenee,Penzer,18/01/2006,c3,b1,15.03
9388,Carny,Lackner,24/11/2006,c5,b6,18.67
0750,Veradis,Bazell,17/01/2006,c5,b5,19.58
1141,Reamonn,Cossington,14/03/2006,c3,b4,19.89
3681,Harmony,Olivari,01/05/2006,c3,b2,17.49
2343,Romonda,Tour,16/06/2006,c1,b5,19.8
0859,Elli,Randall,02/01/2006,c3,b2,18.13
3460,Barris,Shoppee,26/03/2006,c3,b3,19.41
6557,Lil,Janusz,06/10/2006,c2,b5,19.49
4361,Derrik,Flowith,15/09/2006,c2,b2,11.58
1229,Marven,Cayford,23/07/2006,c3,b1,13.73
9063,Karel,Hacket,15/12/2006,c1,b3,14.59
0260,Kristy,Took,26/01/2006,c2,b1,18.65
7782,Hedi,Gleader,31/07/2006,c3,b1,14.03
2685,Udell,Rolland,01/05/2006,c3,b3,18.9
7630,Morse,Eller,03/05/2006,c3,b2,15.09
7162,Leonidas,Negal,22/08/2006,c3,b1,14.66
1134,Lorenzo,Gero,23/10/2006,c5,b1,12.3
5231,Bernardine,Braundt,09/05/2006,c3,b5,18.41
2851,Gordon,Renny,19/08/2006,c1,b5,10.72
8734,Averil,Hassall,28/07/2006,c3,b1,16.26
7663,Dorie,Willison,19/08/2006,c3,b6,17.4
6945,Alasteir,Vickers,06/10/2006,c5,b5,17.24
2140,Granville,Rain,14/03/2006,c1,b3,16.98
2282,Charlotte,Turner,24/04/2006,c4,b4,13.8
3322,Ethelred,Risley,24/06/2006,c3,b2,17.32
4657,Nanon,Missington,10/06/2006,c1,b1,12.16
5124,Sanderson,Soigne,02/11/2006,c2,b4,11.75
2096,Penn,Whitley,10/09/2006,c5,b2,11.54
5987,Cloris,Coltart,23/06/2006,c1,b2,14.6
4798,Alfonse,Hambelton,30/09/2006,c2,b4,12.66
2646,Teddie,Goudie,02/11/2006,c2,b4,16.84
5953,Dolorita,Brierley,29/05/2006,c3,b1,18.05
0273,Vaughan,Baildon,27/04/2006,c3,b2,16.57
3076,Trudi,Reynolds,31/05/2006,c4,b3,12.15
7730,Tobiah,Olech,04/10/2006,c1,b4,19.34
3232,Craig,Stuer,03/06/2006,c1,b2,19.25
5193,Jarrett,Josifovic,15/02/2006,c4,b6,10.02
1538,Giovanni,Youson,15/06/2006,c4,b3,11.28
3213,Niki,Ary,04/03/2006,c5,b5,17.0
6367,Erda,Colquyte,07/12/2006,c4,b6,12.32
8593,Kennett,Truckell,31/10/2006,c4,b5,14.75
7714,Lurette,MacDirmid,17/03/2006,c5,b2,16.66
2914,Karl,Lytton,11/08/2006,c3,b5,17.74
5828,Tamar,Keppin,12/03/2006,c4,b4,11.51
1160,Faunie,Sicily,17/03/2006,c2,b6,18.93
0293,Kaitlyn,Riall,24/08/2006,c3,b1,10.33
1827,Cordey,Jaquemar,29/08/2006,c2,b2,17.2
9213,Elenore,Lammerts,25/07/2006,c2,b1,17.95
7691,Nerty,Magne,02/04/2006,c4,b4,15.32
1232,Kati,Scritch,19/01/2006,c1,b5,10.95
0821,Brendan,Pearcey,13/07/2006,c4,b6,14.23
6517,Ximenez,Satford,06/09/2006,c1,b6,16.33
0778,Allie,Perrett,10/02/2006,c1,b1,17.22
1445,Hakim,Murrish,10/01/2006,c2,b1,13.69
3697,Remus,Polamontayne,27/06/2006,c2,b2,15.78
7692,Kingsley,Petraitis,15/12/2006,c2,b5,15.45
5565,Baryram,Bignal,17/11/2006,c5,b3,18.12
2759,Laverna,O' Mara,08/06/2006,c2,b6,14.38
7573,Nikolas,Celle,05/12/2006,c1,b1,19.61
3109,Ardyce,Wraxall,06/08/2006,c4,b6,15.85
5288,Jecho,Digges,19/06/2006,c1,b5,17.03
0472,Rosabelle,Woodage,25/04/2006,c3,b1,13.94
1851,Gris,Punch,28/07/2006,c5,b6,10.21
8151,Ariella,Bauer,29/03/2006,c4,b5,18.59
7977,Dael,Broadbent,22/08/2006,c4,b3,11.09
7236,Chere,Wells,03/02/2006,c5,b5,19.36
1069,Cloe,Palethorpe,08/01/2006,c4,b4,13.39
2841,Angie,Slocumb,24/06/2006,c5,b2,17.45
5582,Ronald,Willshere,17/10/2006,c5,b6,16.95
0521,Jozef,Darrigrand,10/10/2006,c4,b2,11.6
1274,Desirae,Grinaugh,12/01/2006,c5,b2,12.86
7194,Viviene,Lalevee,18/05/2006,c5,b3,15.68
7820,Viole,Porteous,22/08/2006,c2,b2,19.25
8975,Felita,Hynam,25/01/2006,c4,b2,10.36
4223,Riki,Pheasey,19/09/2006,c4,b2,13.11
7860,Welby,Thornley,14/06/2006,c3,b1,10.13
7799,Jyoti,Ruggs,16/07/2006,c5,b6,17.35
4919,Tremaine,Mackerel,25/09/2006,c5,b1,13.94
3041,Tomkin,Fulep,09/08/2006,c5,b5,16.86
8480,Harlene,Duckham,08/09/2006,c4,b4,16.05
0245,Darnell,Walshaw,30/01/2006,c4,b2,18.4
9897,Aura,Stoakes,20/11/2006,c1,b3,16.82
6680,Barbabra,Ricard,27/11/2006,c1,b5,18.96
4272,Margette,Bisiker,30/10/2006,c4,b3,17.46
1412,Dorolisa,Tommasuzzi,27/08/2006,c3,b1,14.6
9112,Dean,Taunton,17/08/2006,c5,b2,16.94
4451,Mallissa,Dixon,27/12/2006,c3,b3,16.05
7008,Daren,Screeton,12/08/2006,c1,b4,12.07
8496,Tremain,Dadds,22/05/2006,c4,b5,17.06
8801,Chaddie,Zanutti,01/09/2006,c2,b3,17.14
9900,Dominique,Sammut,10/10/2006,c4,b2,17.91
1891,Gerome,Boustead,15/07/2006,c5,b5,19.52
8449,Brand,Joannidi,21/03/2006,c2,b1,19.18
0475,Gipsy,Baumber,03/04/2006,c1,b3,12.42
3769,Mommy,Laurencot,21/05/2006,c3,b1,19.94
7248,Christiano,Bessant,13/05/2006,c1,b1,19.11
0231,Laverne,Cutchie,15/01/2006,c4,b1,18.85
3232,Cassie,Woolforde,21/01/2006,c4,b1,12.22
9768,Corene,Cousen,16/01/2006,c3,b2,18.1
9314,Krista,Cluley,22/01/2006,c1,b3,14.09
4354,Genevra,Sibyllina,25/09/2006,c4,b1,14.62
0247,Hazlett,Boxill,06/03/2006,c5,b6,11.36
0475,Finlay,Choupin,28/11/2006,c2,b3,19.87
6377,Raphael,Oldam,18/09/2006,c1,b2,14.6
0447,Marylin,Stode,13/06/2006,c1,b5,19.75
6101,Merrily,Peregrine,20/07/2006,c2,b1,17.05
5472,Danica,Hadfield,04/01/2006,c2,b6,16.2
2972,Hartwell,Sarah,15/08/2006,c2,b1,14.43
2071,Kassandra,Reinisch,13/03/2006,c4,b5,11.94
2574,Shem,Kentwell,18/09/2006,c4,b5,15.68
3653,Anica,Marshal,16/11/2006,c4,b5,18.38
7822,Justen,Laurenty,27/09/2006,c4,b5,14.14
0297,Benton,Serot,21/11/2006,c1,b6,18.71
7389,Terry,Rainey,06/07/2006,c2,b1,10.64
8111,Dreddy,Habard,26/07/2006,c1,b1,10.88
4993,Bree,Aulton,22/05/2006,c5,b6,11.14
1166,Tara,Luebbert,15/05/2006,c1,b3,10.52
5923,Kandy,Holgan,14/11/2006,c1,b4,18.06
2572,Federica,Guite,03/10/2006,c1,b3,13.52
4841,Cassie,Deble,13/06/2006,c3,b2,12.3
9507,Devondra,Siddon,20/11/2006,c1,b1,14.9
6526,Rochester,Shimwall,11/07/2006,c1,b5,13.04
8841,Merridie,Stanistrete,08/10/2006,c3,b5,10.21
2300,Launce,Zorzin,15/11/2006,c4,b1,16.12
0411,Gipsy,Plevey,18/12/2006,c3,b2,11.93
2930,Carleton,Croxon,02/10/2006,c4,b2,12.06
8119,Dylan,Hartland,03/04/2006,c5,b1,19.78
1074,Abdul,Kerrich,28/04/2006,c4,b3,13.12
6952,Evelin,Wickey,09/11/2006,c2,b6,10.63
5310,Ashly,Martinello,05/05/2006,c5,b5,17.32
6649,Ezechiel,Renak,17/08/2006,c4,b5,12.35
4226,Reinwald,Pill,06/08/2006,c4,b5,12.2
7038,Diarmid,Richt,17/11/2006,c3,b1,11.87
6854,Karalynn,Mc Carroll,14/08/2006,c3,b4,17.59
9185,Brooke,Mitham,22/09/2006,c3,b5,16.37
6227,Odette,Garham,03/04/2006,c3,b3,14.49
2807,Linzy,Tenniswood,26/03/2006,c5,b2,10.67
9044,Vevay,Pentony,09/09/2006,c3,b3,13.83
1131,Bette,Lintall,27/11/2006,c2,b4,19.64
4638,Fidelio,Hamsson,27/08/2006,c5,b6,15.27
0106,Saxe,Clemmen,10/06/2006,c4,b3,19.46
3739,Jeanette,Kwietek,13/07/2006,c2,b6,18.39
3577,Melicent,Cussins,26/03/2006,c3,b4,18.66
8694,Calhoun,Sperrett,26/12/2006,c3,b6,14.02
7853,Charley,Linnett,03/04/2006,c4,b5,16.66
2961,Montague,Yeeles,10/12/2006,c5,b6,15.46
1517,Estevan,Arnatt,24/01/2006,c5,b2,17.46
2670,Gerty,Pedri,14/04/2006,c2,b1,15.1
3401,Christie,Colchett,08/11/2006,c3,b3,12.79
1148,Trudey,Schuck,30/05/2006,c5,b6,15.82
5606,Trude,Peyntue,28/05/2006,c5,b4,17.85
0964,Cullan,Sibbe,31/05/2006,c3,b2,14.37
3189,Bernadene,Penner,05/05/2006,c5,b3,18.75
8748,Athene,Tucknott,10/08/2006,c3,b2,18.33
1275,Michel,Edgeworth,10/03/2006,c5,b2,18.05
1441,Nady,Welchman,26/12/2006,c1,b2,14.66
4968,Arliene,Howkins,18/12/2006,c3,b1,14.59
4504,Myrwyn,Egle of Germany,31/10/2006,c5,b1,18.08
8931,Bartolemo,Langran,22/07/2006,c3,b4,18.02
3941,Ethelred,Hannon,13/07/2006,c5,b6,14.76
5309,Cherish,Heyward,14/08/2006,c2,b5,14.22
9921,Osbert,Hannant,23/08/2006,c3,b3,15.05
3719,Corbie,Canet,28/08/2006,c3,b4,16.84
0567,Maighdiln,Garling,22/08/2006,c1,b3,18.94
5024,Brad,Massimo,02/11/2006,c5,b5,16.65
8940,Solly,Kearney,27/10/2006,c4,b2,11.42
1774,Vita,Cafferty,14/07/2006,c2,b6,18.38
8488,Burch,Sculley,02/04/2006,c5,b3,18.06
1667,Rowe,Nerger,21/03/2006,c3,b3,15.1
6787,Bartel,Camier,05/04/2006,c4,b4,14.11
5167,Ursuline,Befroy,12/06/2006,c3,b1,17.68
6002,Wilden,Toone,31/05/2006,c2,b3,18.8
1487,Waite,McLorinan,11/11/2006,c1,b6,15.46
5947,Nicholle,Dachs,25/05/2006,c2,b6,14.05
7836,Ginelle,Davydenko,18/09/2006,c1,b2,11.04
4724,Xylia,Briston,25/09/2006,c4,b4,16.86
1893,Quintin,Greenhaugh,19/01/2006,c2,b1,16.97
3508,Jocelyn,Pulham,10/11/2006,c1,b5,14.19
4540,Camala,Arnaudet,08/02/2006,c3,b5,19.49
7619,Trueman,Fothergill,25/02/2006,c4,b2,12.27
3172,Sanford,McKeaney,02/06/2006,c1,b4,19.78
5449,Nester,Langstaff,16/08/2006,c3,b1,14.13
3732,Decca,Dooman,22/07/2006,c5,b6,18.14
7268,Reggie,Nation,07/08/2006,c1,b4,10.03
0215,Goddard,Readie,09/12/2006,c4,b2,16.11
7215,Carson,Keher,29/04/2006,c5,b5,11.54
4013,Bobine,Shallcross,07/09/2006,c3,b3,15.89
0432,Sebastiano,Bamlett,14/01/2006,c1,b2,12.73
1972,Tiena,Toolin,31/01/2006,c2,b3,11.67
